code,type,model_type
00026020,namkeen,namkeen
00062520,namkeen,namkeen
00062621,namkeen,namkeen
00184849,namkeen,not_festive
00827664,namkeen,namkeen
0522587272118,namkeen,namkeen
0664648120256,mithai,mithai
0712179202535,namkeen,namkeen
0754590964760,namkeen,not_festive
0793591862453,namkeen,not_festive
0793591862460,namkeen,not_festive
0794712831693,namkeen,not_festive
0811307031761,namkeen,namkeen
0839423002557,namkeen,namkeen
0846203001150,namkeen,namkeen
0846203002003,namkeen,namkeen
0846203004731,mithai,mithai
0846203004878,namkeen,namkeen
0846203081923,namkeen,namkeen
0890601561023,namkeen,namkeen
0948446406102,namkeen,namkeen
11002272,namkeen,namkeen
12751112,namkeen,namkeen
12803286,namkeen,namkeen
17139168,namkeen,other_festive
19060477,namkeen,namkeen
305000001769039,namkeen,namkeen
305000002015062,namkeen,namkeen
48100001,namkeen,not_festive
4904059826405,namkeen,namkeen
5079292460446,mithai,mithai
5907256003067,namkeen,namkeen
7419870945954,namkeen,namkeen
80781023,namkeen,namkeen
8901088074063,namkeen,namkeen
8901262223379,namkeen,namkeen
8901399017735,namkeen,namkeen
8901399017766,namkeen,namkeen
8901414000117,namkeen,namkeen
8901414000285,namkeen,namkeen
8901414000827,namkeen,other_festive
8901414001176,namkeen,other_festive
8901414001619,mithai,mithai
8901414006850,namkeen,other_festive
8901414016415,namkeen,other_festive
8901491208291,namkeen,namkeen
8901491380010,namkeen,namkeen
8901576000413,namkeen,namkeen
8901576001199,namkeen,other_festive
8901576003063,namkeen,namkeen
8901576005081,namkeen,namkeen
8901719110740,namkeen,namkeen
8901719120251,namkeen,namkeen
8901719130236,namkeen,namkeen
8901721000046,namkeen,namkeen
8901721002972,mithai,mithai
8901721011233,namkeen,namkeen
8901725000738,mithai,mithai
8901883001745,namkeen,not_festive
8902050000028,namkeen,namkeen
8902050002039,namkeen,namkeen
8902592000739,mithai,mithai
8903023305539,namkeen,namkeen
8903023305560,namkeen,namkeen
8903023305706,namkeen,namkeen
8903023305720,namkeen,namkeen
8903363000002,namkeen,namkeen
8903363002327,mithai,mithai
8903363007056,mithai,mithai
8903363008435,namkeen,not_sent
8904004400014,namkeen,namkeen
8904004400045,namkeen,namkeen
8904004400052,namkeen,namkeen
8904004400069,namkeen,namkeen
8904004400083,namkeen,namkeen
8904004400236,namkeen,namkeen
8904004400250,namkeen,other_festive
8904004400588,namkeen,namkeen
8904004400601,namkeen,namkeen
8904004400687,namkeen,namkeen
8904004400694,namkeen,namkeen
8904004400731,namkeen,namkeen
8904004400755,namkeen,namkeen
8904004400762,namkeen,namkeen
8904004400779,namkeen,namkeen
8904004400939,namkeen,other_festive
8904004400977,namkeen,other_festive
8904004401011,namkeen,other_festive
8904004401073,namkeen,other_festive
8904004401134,namkeen,other_festive
8904004401158,namkeen,other_festive
8904004401172,namkeen,other_festive
8904004401189,namkeen,other_festive
8904004401981,namkeen,other_festive
8904004402032,namkeen,other_festive
8904004402131,namkeen,other_festive
8904004402247,namkeen,namkeen
8904004402261,namkeen,namkeen
8904004402827,namkeen,namkeen
8904004403633,namkeen,namkeen
8904004403671,namkeen,namkeen
8904004403718,namkeen,not_festive
8904004403725,namkeen,namkeen
8904004403732,namkeen,namkeen
8904004403800,namkeen,namkeen
8904004404630,namkeen,not_festive
8904004404647,namkeen,not_festive
8904004404685,namkeen,namkeen
8904004405415,mithai,mithai
8904004405514,mithai,mithai
8904004406313,mithai,other_festive
8904004407860,namkeen,not_festive
8904004408669,namkeen,not_festive
8904004409222,namkeen,not_festive
8904004410617,mithai,mithai
8904004414509,namkeen,not_festive
8904004420111,namkeen,not_festive
8904004420227,mithai,mithai
8904004424485,namkeen,namkeen
8904004800371,namkeen,not_sent
8904063200136,namkeen,namkeen
8904063200525,namkeen,namkeen
8904063200945,namkeen,namkeen
8904063204325,namkeen,namkeen
8904063206336,namkeen,namkeen
8904063227928,namkeen,namkeen
8904063231796,namkeen,namkeen
8904063240019,namkeen,namkeen
8904063240057,namkeen,namkeen
8904063240071,namkeen,namkeen
8904063240149,namkeen,namkeen
8904063240170,namkeen,namkeen
8904063240187,namkeen,namkeen
8904063240217,namkeen,namkeen
8904063240224,namkeen,not_festive
8904063251480,namkeen,namkeen
8904063253842,namkeen,namkeen
8904063254986,namkeen,namkeen
8904063257581,namkeen,namkeen
8904067700304,namkeen,namkeen
8904067711164,namkeen,namkeen
8904067712475,namkeen,namkeen
8904071700871,namkeen,namkeen
8904071701090,namkeen,namkeen
8904071702349,namkeen,namkeen
8904071702363,namkeen,namkeen
8904071703155,namkeen,namkeen
8904071703216,namkeen,namkeen
8904071704596,namkeen,namkeen
8904077201419,namkeen,namkeen
8904077202423,namkeen,namkeen
8904089930529,mithai,mithai
8904109443107,namkeen,not_festive
8904123551178,namkeen,not_sent
8904132912748,namkeen,namkeen
8904132917156,mithai,mithai
8904156707320,namkeen,namkeen
8904156710191,namkeen,not_festive
8904198802045,namkeen,namkeen
8904198805077,namkeen,namkeen
8904214504717,namkeen,namkeen
8904256705370,namkeen,namkeen
8904256705592,namkeen,namkeen
8904256722698,namkeen,namkeen
8904272904566,namkeen,other_festive
8904272906157,namkeen,namkeen
8904281501275,namkeen,not_festive
8904406170454,mithai,mithai
8904787201723,namkeen,namkeen
8905950003465,namkeen,namkeen
8905950003892,namkeen,namkeen
8906000921753,mithai,mithai
8906004562044,namkeen,namkeen
8906004562389,namkeen,namkeen
8906005500335,namkeen,namkeen
8906005500366,namkeen,namkeen
8906005500557,namkeen,namkeen
8906005501288,namkeen,namkeen
8906005502254,namkeen,namkeen
8906005502513,namkeen,namkeen
8906005504395,namkeen,namkeen
8906005505040,namkeen,not_sent
8906005506924,namkeen,namkeen
8906005508904,namkeen,not_festive
8906005509284,namkeen,namkeen
8906005670267,mithai,mithai
8906005670366,namkeen,namkeen
8906005670441,namkeen,not_sent
8906005671820,namkeen,namkeen
8906005910578,namkeen,not_festive
8906007063401,namkeen,namkeen
8906009073163,mithai,mithai
8906009075839,namkeen,namkeen
8906009075846,namkeen,other_festive
8906010361235,namkeen,namkeen
8906010362621,mithai,mithai
8906010366575,namkeen,namkeen
8906010366834,namkeen,not_festive
8906010500078,namkeen,namkeen
8906010500207,namkeen,namkeen
8906010500214,namkeen,namkeen
8906010500276,namkeen,namkeen
8906010500290,namkeen,namkeen
8906010500306,namkeen,namkeen
8906010500313,namkeen,namkeen
8906010500344,namkeen,namkeen
8906010500368,namkeen,other_festive
8906010500375,namkeen,other_festive
8906010500542,namkeen,namkeen
8906010500566,namkeen,other_festive
8906010500573,namkeen,namkeen
8906010500849,namkeen,namkeen
8906010501259,namkeen,namkeen
8906010502164,namkeen,namkeen
8906010502201,namkeen,namkeen
8906011410086,namkeen,not_festive
8906015551556,namkeen,namkeen
8906015657210,namkeen,namkeen
8906015720020,mithai,mithai
8906016411606,mithai,mithai
8906016414843,mithai,mithai
8906019564163,namkeen,namkeen
8906020491656,mithai,mithai
8906025502012,mithai,mithai
8906033950539,namkeen,namkeen
8906033950874,namkeen,namkeen
8906035641350,namkeen,other_festive
8906036303950,mithai,mithai
8906036674760,mithai,mithai
8906036675163,mithai,mithai
8906036675521,mithai,mithai
8906043190451,mithai,mithai
8906043199751,namkeen,namkeen
8906045580236,namkeen,namkeen
8906048603710,namkeen,namkeen
8906049060086,namkeen,namkeen
8906050240071,mithai,mithai
8906050631091,namkeen,namkeen
8906053840834,namkeen,not_festive
8906053840964,namkeen,not_festive
8906054111049,namkeen,not_festive
8906054684055,mithai,mithai
8906059240911,namkeen,namkeen
8906063863137,namkeen,namkeen
8906064701018,namkeen,other_festive
8906066993879,namkeen,namkeen
8906069725705,namkeen,namkeen
8906069962018,mithai,mithai
8906070320135,namkeen,namkeen
8906070320319,namkeen,namkeen
8906078720289,namkeen,namkeen
8906078722702,namkeen,namkeen
8906080234224,namkeen,other_festive
8906081122667,namkeen,other_festive
8906082570597,namkeen,not_festive
8906082650138,namkeen,namkeen
8906082880177,namkeen,not_festive
8906084414196,namkeen,namkeen
8906084414233,namkeen,namkeen
8906086690413,namkeen,namkeen
8906090574556,namkeen,namkeen
8906094320548,mithai,mithai
8906114940190,namkeen,namkeen
8906114941609,namkeen,namkeen
8906115790213,namkeen,namkeen
8906117363637,namkeen,namkeen
8906117365129,namkeen,namkeen
8906120100663,namkeen,other_festive
8906120100830,namkeen,namkeen
8906120108119,namkeen,namkeen
8906121111019,namkeen,not_festive
8906138160116,namkeen,namkeen
8906140881405,namkeen,namkeen
8906142010025,namkeen,namkeen
8906142014108,namkeen,namkeen
8906142773913,mithai,mithai
8906151420020,namkeen,namkeen
8906151420112,namkeen,namkeen
8906151420280,namkeen,namkeen
8906151420389,namkeen,namkeen
8906152620627,namkeen,not_festive
8906154300893,namkeen,namkeen
8906160650722,namkeen,other_festive
8906161390313,namkeen,namkeen
8906161390405,namkeen,namkeen
8906161390955,namkeen,namkeen
8906162070795,mithai,mithai
8906162071310,namkeen,namkeen
8906164430900,namkeen,namkeen
8906166020208,namkeen,not_festive
8906169990003,namkeen,namkeen
8906169990980,namkeen,not_festive
8906179550013,namkeen,namkeen
8906184890029,namkeen,namkeen
8906188370053,namkeen,namkeen
8907003500082,namkeen,namkeen
8907003505032,namkeen,namkeen
8907003505094,namkeen,namkeen
8907003505124,namkeen,namkeen
8907003508859,namkeen,not_sent
8907003510685,mithai,mithai
8907083111024,namkeen,namkeen
8907083112021,namkeen,namkeen
8908000385061,namkeen,namkeen
8908000385351,namkeen,namkeen
8908000716476,mithai,mithai
8908001954051,namkeen,namkeen
8908001954075,namkeen,namkeen
8908004620229,namkeen,namkeen
8908005667049,namkeen,namkeen
8908006461004,namkeen,namkeen
8908006461035,namkeen,namkeen
8908006646265,namkeen,namkeen
8908006646937,namkeen,namkeen
8908008109003,namkeen,not_festive
8908010196053,namkeen,namkeen
8908010213835,namkeen,namkeen
8908010511122,namkeen,namkeen
8908016531117,namkeen,namkeen
8908018906807,namkeen,not_sent
8908018963015,namkeen,namkeen
8908018963206,namkeen,namkeen
8908018963572,namkeen,namkeen
8908019319552,namkeen,namkeen
8908019319743,namkeen,namkeen
8908019561104,namkeen,other_festive
8908019822243,namkeen,not_sent
8908020395002,mithai,mithai
8908021430016,namkeen,other_festive
8908022617218,namkeen,namkeen
8908023890009,namkeen,namkeen
8908024057357,namkeen,namkeen
9825348545010,namkeen,namkeen
9901863200662,namkeen,namkeen
