code,model_type,spot_check_hand_type
0000101403177,not_festive,
0000101403193,not_festive,
0000101481697,not_festive,
0000101481703,not_festive,
0000101481737,not_festive,
0000101481757,not_festive,
00001101,other_festive,
0000491126685,namkeen,
0000590009967,not_festive,
00007532,not_festive,
00009891,other_festive,
0002443982646,not_festive,
00026020,namkeen,
0005165165542,other_festive,
0005339539740,not_festive,
00062520,namkeen,
00062621,namkeen,
0008146801666,not_festive,
0009103031691,not_festive,
0009876543210,not_festive,
00100026,other_festive,
00100066,not_festive,
00184849,not_festive,
0028400034227,other_festive,
0028400679473,not_festive,
0031290721818,not_festive,
0034000077557,not_festive,
00377108,not_festive,
0038648039277,not_festive,
0039978738158,not_festive,
0044012601695,not_festive,
0070970474088,not_festive,
0075779311145,not_festive,
0081555738600,not_festive,
00827664,namkeen,
0084562328000,not_festive,
0089000498871,not_festive,
0096619121731,not_festive,
0099482511234,not_festive,
0196852523580,not_festive,
02201161,not_festive,
02330013,not_festive,
0251921100519,not_festive,
0312843536364,not_festive,
03221217,not_festive,
0428557571635,not_festive,
0490008131941,other_festive,
0522587272118,namkeen,
0524003003030,not_festive,
0541772405841,other_festive,
0552545625939,not_festive,
05597811,mithai,
06104414,not_festive,
0610825925084,not_festive,
0639277143303,not_festive,
06403355,not_festive,
06494437,not_festive,
0655257651613,not_festive,
0659800892119,not_festive,
0664648120256,mithai,
0676360440093,not_festive,
0688397896989,not_festive,
0692058015732,other_festive,
0701098222618,not_festive,
0701098259782,not_festive,
0710779570214,not_festive,
0710859306108,other_festive,
0712179202535,namkeen,
0716270001660,not_festive,
0717995710837,other_festive,
07200564,not_festive,
0737628005000,not_festive,
0747356051705,not_festive,
0750343889694,not_festive,
0754590964760,not_festive,
0755003490883,not_festive,
0760851638226,not_festive,
0765531067815,not_festive,
0769807238367,not_festive,
0784927149447,not_festive,
0786162002969,not_festive,
0787099822569,not_festive,
0787099827861,not_festive,
0793591862453,not_festive,
0793591862460,not_festive,
0794712251835,mithai,other_festive
0794712831693,not_festive,
0797059265244,not_festive,
0804883000986,not_festive,
0811307031761,namkeen,
0813210000001,not_festive,
0839423002557,namkeen,
0841541001206,not_festive,
0841541001220,not_festive,
0846203001150,namkeen,
0846203002003,namkeen,
0846203004731,mithai,
0846203004878,namkeen,
0846203081923,namkeen,
0856069005209,not_festive,
0870351001205,not_festive,
0870351009904,not_festive,
0890150002678,not_festive,
0890497000368,not_festive,
0890497000412,not_festive,
0890601561023,namkeen,
0890979002019,not_festive,
0903192230432,other_festive,
0906036673596,not_festive,
09122574,not_festive,
0923302764206,not_festive,
0940042488551,not_festive,
0941414000470,not_festive,
0941458000702,not_festive,
0941458852165,not_festive,
0944445604464,other_festive,
0946459636639,not_festive,
0946778200047,not_festive,
0948446406102,namkeen,
0962941232165,not_festive,
0982143005763,not_festive,
0986614900106,not_festive,
11002272,namkeen,
11131861,not_festive,
11431183,not_festive,
11724111,not_festive,
12345678,not_festive,
1234567899999,not_festive,
12751112,namkeen,
12803286,namkeen,
1305900863496,not_festive,
1491313192001,not_festive,
16222348,not_festive,
1653911138424,not_festive,
17139168,other_festive,
1900679095518,not_festive,
19060477,namkeen,
19066554,not_festive,
1943079644630,not_festive,
1976567039106,not_festive,
2000000020154,other_festive,other_festive
2000000112330,not_festive,
2000000127656,not_festive,
2000000151726,other_festive,other_festive
2000000157839,namkeen,
2050007399681,other_festive,
221034191858666,not_festive,
23234545,mithai,not_festive
2867900011851,other_festive,
305000001769039,namkeen,
305000002015062,namkeen,
3168930007432,not_festive,
3583787688250,not_festive,
3599741005421,not_festive,
36903690,not_festive,
3924754000093,not_festive,
3948063142855,not_festive,
3948207019234,not_festive,
3948220563158,not_festive,
3948662037910,not_festive,
3948764032400,not_festive,
3948764042805,not_festive,
3948764082764,not_festive,
4005292001557,not_festive,
4005292650229,not_festive,
4005292650670,not_festive,
40072494,not_festive,
4007273656565,not_festive,
4019041001057,namkeen,
4019041009503,mithai,
4021912006023,not_festive,
4088600023700,not_festive,
4424477778877,not_festive,
4792024000079,not_festive,
4796001651513,not_festive,
4800024572509,not_festive,
48100001,not_festive,
4840191651737,not_festive,
4901059046345,not_festive,
4901068070676,not_festive,
4901412250006,not_festive,
4904059826405,namkeen,namkeen
4904443911526,not_festive,
4906424418420,not_festive,
4906426980222,not_festive,
4906434401375,not_festive,
4906440992867,not_festive,
4943542044445,not_festive,
5000171010025,not_festive,
5000232192202,not_festive,
5056784900093,not_festive,
5059883417080,not_festive,
5060579990008,not_festive,
5079292460446,mithai,mithai
5095136975556,namkeen,
53980392803505032,not_festive,
5400141297171,other_festive,other_festive
5404017407701,not_festive,
5430446640792,not_festive,
5521765330553,not_festive,
5907256003067,namkeen,
5909227010074,not_festive,not_festive
596656566628820,not_festive,
60181978,other_festive,
61341438,not_festive,
6281014110013,not_festive,
6284651163343,not_festive,
6291047020456,not_festive,
6291100212606,not_festive,
6291100213160,not_festive,
6294001821458,not_festive,
6294017124031,not_festive,
6858824033612,not_festive,
6909047537316,mithai,
6917489453125,not_festive,
6923634953136,not_festive,
6936140543340,other_festive,
6942836723576,not_festive,
6976541225544,not_festive,
70020600146130321,not_festive,
7419870945954,namkeen,namkeen
7422590993778,not_festive,
7613036001694,not_festive,
7622201138363,not_festive,
7622201138394,not_festive,
7622201149406,not_festive,
7622201149543,not_festive,
7622201150273,not_festive,
7622201150303,not_festive,
7622201150419,not_festive,
7622201386900,not_festive,
7622201415662,not_festive,
7622201440046,not_festive,
7622201442019,not_festive,
7622201448837,not_festive,
7622201521905,not_festive,
7622201685638,not_festive,
7622201687632,not_festive,
7622201756918,not_festive,
7622201757410,not_festive,
7622201758639,not_festive,
7622201758660,not_festive,
7622201759742,not_festive,
7622201761561,other_festive,
7622201761738,other_festive,
7622201762193,not_festive,
7622201762285,not_festive,
7622201763213,not_festive,
7622201796174,not_festive,
7622201798260,not_festive,
7622201808013,not_festive,
7622201822163,not_festive,
7622202023545,not_festive,
7622202026645,not_festive,
7622202030819,not_festive,
7622202030901,not_festive,
7622202031205,not_festive,
7622202031618,not_festive,
7622202215056,not_festive,
7622202216695,not_festive,
7622202216749,not_festive,
7622202216800,not_festive,
7622202216916,not_festive,
7622202218262,not_festive,
7622202218620,not_festive,
7622202225024,not_festive,
7622202230257,not_festive,
7622202237379,not_festive,
7622202237416,not_festive,
7622202237942,not_festive,
7622202271861,not_festive,
7622202290428,not_festive,
7622202290633,not_festive,
7622202294426,not_festive,
7622202307171,not_festive,
7622202318047,not_festive,
7622202318078,not_festive,
7622202324260,not_festive,
7622202324604,not_festive,
7622202324758,not_festive,
7622202324871,not_festive,
7622202325328,not_festive,
7622202325939,not_festive,
7622202325960,not_festive,
7622202326233,not_festive,
7622202329494,not_festive,
7622202342196,not_festive,
7622202346385,not_festive,
7622202815096,not_festive,
7622202818301,not_festive,
7622202818431,not_festive,
7622202820946,not_festive,
7622202846816,not_festive,
7622210361912,not_festive,
7901758112706,not_festive,
7903404415810,not_festive,
7906023270013,not_festive,
8000030913211,not_festive,not_festive
8000500126936,not_festive,
8000500367599,not_festive,
8000500410974,not_festive,
8000500410998,not_festive,
8000500411018,not_festive,
8001860238369,not_festive,
8047164159283,other_festive,
80768258,not_festive,
80781023,namkeen,
80906036673602,not_festive,
8343564256043,not_festive,
8410125600467,not_festive,
8410783122813,not_festive,
8602596567001,not_festive,
8622217032012,not_festive,
8664522556555,not_festive,
8711406031766,not_festive,
8718907959872,not_festive,
8850389100691,not_festive,
8852117380146,not_festive,
8859292992584,not_festive,
8888202026422,not_festive,
8899120003181,namkeen,
8900017562619,not_festive,
89000724,not_festive,
8900404114308,other_festive,
89005590,other_festive,
89006610,not_festive,
89006627,not_festive,
8900740227137,not_festive,
89009611,other_festive,
89009710,not_festive,
89009802,not_festive,
89009871,not_festive,
8901012350034,not_festive,
8901014000166,not_festive,
8901014000432,not_festive,
8901016200021,not_festive,
8901030518232,not_festive,
8901030530333,not_festive,
8901030698316,not_festive,
8901030743146,not_festive,
8901030795824,not_festive,
8901030807190,not_festive,
8901030807237,not_festive,
8901030817182,not_festive,
8901030818660,not_festive,
8901030820052,not_festive,
8901030824944,not_festive,
8901030825545,not_festive,
8901030857973,not_festive,
8901030877131,not_festive,
8901030877193,not_festive,
8901030886119,not_festive,
8901030902390,not_festive,
8901030915963,not_festive,
8901030926549,not_festive,
8901030944376,not_festive,
8901030953217,not_festive,
8901030959776,not_festive,
8901030960451,not_festive,
8901030966033,not_festive,
8901030976988,not_festive,
8901030978579,not_festive,not_festive
8901030980053,not_festive,
8901030993404,not_festive,
8901031211163,not_festive,
8901036161609,not_festive,
8901042954516,not_festive,
8901042954837,not_festive,
8901042968940,not_festive,
8901042969725,other_festive,
8901042970455,not_festive,
8901042970738,not_festive,
8901042970745,not_festive,
8901044059325,other_festive,
8901044404026,not_festive,
8901044570554,not_festive,
8901044570561,not_festive,
8901044600930,not_festive,
8901044670858,not_festive,
8901052000937,not_festive,
8901052020706,not_festive,
8901058000702,not_festive,
8901058001846,not_festive,
8901058004809,not_festive,
8901058005080,not_festive,
8901058005233,not_festive,
8901058005738,not_festive,
8901058005905,not_festive,
8901058007220,not_festive,
8901058010749,not_festive,
8901058011012,not_festive,
8901058012651,not_festive,
8901058013658,not_festive,
8901058013979,not_festive,
8901058015171,not_festive,
8901058015942,not_festive,
8901058017687,not_festive,
8901058029949,not_festive,
8901058849127,not_festive,
8901058857207,not_festive,
8901058860726,not_festive,
8901058861921,not_festive,
8901058867855,not_festive,
8901058868036,not_festive,
8901058895780,not_festive,
8901058897159,not_festive,
8901058903164,not_festive,
8901058903805,not_festive,
8901058903966,not_festive,
8901058904093,not_festive,
8901058905090,not_festive,
8901058905113,not_festive,
8901063004139,not_festive,
8901063016606,namkeen,
8901063016613,not_festive,
8901063016781,namkeen,
8901063017252,namkeen,not_festive
8901063017702,namkeen,
8901063023949,not_festive,
8901063026018,not_festive,
8901063026278,not_festive,
8901063028708,not_festive,
8901063029163,not_festive,
8901063032699,not_festive,
8901063146952,not_festive,
8901063325227,not_festive,
8901063325463,not_festive,
8901063365018,not_festive,
8901063365087,other_festive,
8901063368323,not_festive,
890107130110713,not_festive,
8901071306119,not_festive,
8901071359023,not_festive,
8901071359108,not_festive,
8901071701952,not_festive,
8901071702195,not_festive,
8901071702201,not_festive,
8901071704496,not_festive,
8901071705448,not_festive,
8901071705646,not_festive,
8901071706834,not_festive,
8901071732802,not_festive,
8901071732857,not_festive,
8901088072236,not_festive,
8901088074063,namkeen,
8901088081313,not_festive,
8901088081320,not_festive,
8901088118330,not_festive,
8901088129817,not_festive,
8901088129824,not_festive,
8901088884174,not_festive,
8901088887557,not_festive,
8901095000451,not_festive,
8901095000482,not_festive,
8901117269484,not_festive,
8901123001214,not_festive,
8901123005397,not_festive,
8901123005403,not_festive,
8901123005410,not_festive,
8901127027760,not_festive,
8901131870079,not_festive,
8901148246102,not_festive,
8901153012938,not_festive,
8901155425316,not_festive,
8901171090314,not_festive,
8901192215864,not_festive,
8901207001635,not_festive,
8901207002533,not_festive,
8901207002731,not_festive,
8901207006029,not_festive,
8901207007545,not_festive,
8901207019234,not_festive,
8901207025648,not_festive,
8901207032424,not_festive,
8901207032677,not_festive,
8901207034800,not_festive,
8901207037795,not_festive,
8901207041723,not_festive,
8901207042263,not_festive,
8901207043772,not_festive,
8901207045318,not_festive,
8901207050893,not_festive,
8901207062865,not_festive,
8901220004804,not_festive,
8901220903015,not_festive,
8901233020273,not_festive,
8901233020624,not_festive,
8901233021645,not_festive,
8901233023724,not_festive,
8901233026657,not_festive,
8901233028507,not_festive,
8901233028651,not_festive,
8901233028958,not_festive,
8901233029856,not_festive,
8901233029900,not_festive,
8901233030272,not_festive,
8901233030548,not_festive,
8901233033570,not_festive,
8901233035178,other_festive,
8901242513919,other_festive,
8901246002945,not_festive,
8901246003058,not_festive,
8901248270243,not_festive,
8901262010504,not_festive,
8901262010511,not_festive,
8901262040013,mithai,
8901262060110,not_festive,
8901262070010,not_festive,
8901262070058,not_festive,
8901262070096,not_festive,
8901262070324,not_festive,
8901262070430,not_festive,
8901262070454,not_festive,
8901262070539,not_festive,
8901262070546,not_festive,
8901262070676,not_festive,
8901262070836,not_festive,
8901262070973,not_festive,
8901262071017,not_festive,
8901262071048,not_festive,
8901262071109,other_festive,
8901262071130,not_festive,
8901262071208,not_festive,
8901262071277,not_festive,
8901262071581,not_festive,
8901262071703,not_festive,
8901262071864,not_festive,
8901262072052,not_festive,
8901262072267,not_festive,
8901262090315,not_festive,
8901262130325,not_festive,
8901262201438,mithai,
8901262202428,not_festive,
8901262222471,not_festive,
8901262223379,namkeen,namkeen
8901262300766,not_festive,
8901262301862,not_festive,
8901262493215,not_festive,
8901389000013,not_festive,
8901393004007,not_festive,
8901393016192,not_festive,
8901393017953,not_festive,
8901393018943,not_festive,
8901393019049,not_festive,
8901393019117,not_festive,
8901393019452,not_festive,
8901393019469,not_festive,
8901393019490,not_festive,
8901393019889,not_festive,
8901393024289,not_festive,
8901393025002,not_festive,
8901399017735,namkeen,
8901399017766,namkeen,
8901399084515,not_festive,
8901414000117,namkeen,
8901414000179,namkeen,
8901414000285,namkeen,
8901414000827,other_festive,
8901414001176,other_festive,
8901414001619,mithai,
8901414006850,other_festive,
8901414016415,other_festive,
8901414018174,mithai,
8901440211969,other_festive,
8901453000024,not_festive,
8901468119780,not_festive,
8901491000208,not_festive,
8901491001083,not_festive,
8901491001687,not_festive,
8901491001816,not_festive,
8901491002561,not_festive,
8901491002707,not_festive,
8901491003124,not_festive,
8901491100045,namkeen,
8901491101905,namkeen,
8901491103046,namkeen,
8901491103084,namkeen,
8901491208291,namkeen,
8901491366229,namkeen,
8901491367219,namkeen,
8901491380010,namkeen,
8901491502054,not_festive,
8901491503051,not_festive,
8901491504782,not_festive,
8901491702539,not_festive,
8901491990028,namkeen,
8901499008275,not_festive,
8901499009708,not_festive,
8901499010759,mithai,
8901512140708,not_festive,
8901512144201,not_festive,
8901512144706,not_festive,
8901512144805,not_festive,
8901512144904,not_festive,
8901512540201,not_festive,
8901512540409,not_festive,
8901512542106,not_festive,
8901512557001,not_festive,
8901512562609,not_festive,
8901512562807,not_festive,
8901512562906,not_festive,
8901512825605,not_festive,
8901512881106,not_festive,
8901512910608,not_festive,
8901512917805,not_festive,
8901512935304,not_festive,
8901512939005,not_festive,
8901512939302,not_festive,
8901522006308,not_festive,
8901526589555,not_festive,
8901542000959,not_festive,
8901542001611,not_festive,
8901542001673,not_festive,
8901542001932,not_festive,
8901542011702,not_festive,
8901548145425,not_festive,not_festive
8901552005036,not_festive,
8901552005296,not_festive,
8901552032711,not_festive,
8901560600223,not_festive,
8901571000043,not_festive,
8901571003273,not_festive,
8901571008315,not_festive,
8901576000413,namkeen,
8901576001199,other_festive,
8901576003063,namkeen,
8901576005081,namkeen,namkeen
8901595862962,not_festive,
8901595863051,not_festive,
8901595873258,not_festive,
8901595971251,not_festive,
8901622202044,not_festive,
8901648001546,not_festive,
8901648096955,not_festive,
8901662036531,not_festive,
8901688121013,not_festive,
8901689010019,not_festive,
8901689010026,not_festive,
8901689031007,not_festive,
8901689031014,not_festive,
8901719103520,not_festive,
8901719107092,not_festive,
8901719107771,not_festive,
8901719110740,namkeen,
8901719119040,not_festive,
8901719120251,namkeen,
8901719126376,not_festive,
8901719127144,not_festive,
8901719127366,not_festive,
8901719127786,not_festive,
8901719128202,not_festive,
8901719128547,not_festive,
8901719130236,namkeen,
8901719133121,not_festive,
8901719220173,not_festive,
8901719703058,not_festive,
8901721000046,namkeen,
8901721002972,mithai,mithai
8901721011233,namkeen,
8901722060100,not_festive,
8901725000738,mithai,
8901725001230,not_festive,
8901725003791,not_festive,
8901725006693,not_festive,
8901725008307,not_festive,
8901725013714,namkeen,
8901725016869,not_festive,
8901725017620,other_festive,
8901725018696,namkeen,
8901725019747,not_festive,
8901725103651,not_festive,
8901725105167,not_festive,
8901725109868,namkeen,
8901725114015,namkeen,
8901725114916,not_festive,
8901725117481,namkeen,
8901725117504,namkeen,
8901725119843,namkeen,
8901725120375,namkeen,
8901725120672,not_festive,
8901725193119,not_festive,
8901725196226,namkeen,
8901725198336,namkeen,
8901725198442,namkeen,
8901741080240,not_festive,
8901764012808,not_festive,
8901764032301,not_festive,
8901764082054,not_festive,
8901764082405,not_festive,
8901764092206,not_festive,
8901764092282,not_festive,
8901764092305,not_festive,
8901764092329,not_festive,
8901764175091,not_festive,
8901764985027,not_festive,
8901777979105,not_festive,
8901781000147,not_festive,
8901786030507,not_festive,
8901786040506,not_festive,
8901786070503,not_festive,
8901786650101,not_festive,
8901786670307,not_festive,
8901808000020,not_festive,
8901808000990,other_festive,
8901808003830,other_festive,
8901808006732,not_festive,
8901814007174,not_festive,
8901826224002,mithai,
8901883001745,not_festive,
8901888006363,not_festive,
8902041020417,not_festive,
8902050000028,namkeen,
8902050002039,namkeen,
8902080000425,not_festive,
8902080000722,not_festive,
8902080002344,not_festive,
8902080100071,not_festive,
8902080100361,not_festive,
8902080205042,not_festive,
8902080364343,not_festive,
8902080364596,not_festive,
8902080404094,not_festive,
8902080404117,not_festive,
8902080504046,not_festive,
8902080504060,not_festive,
8902082805004,not_festive,
8902167000362,not_festive,
8902268002326,not_festive,
8902268011571,not_festive,
8902268014688,not_festive,
8902269520263,not_festive,
89023023275061,not_festive,
8902346012353,not_festive,
8902346012414,not_festive,
8902351998871,not_festive,
8902433003134,not_festive,
8902433003677,not_festive,
8902433005732,not_festive,
8902433030598,not_festive,
8902451014853,not_festive,
8902579001599,not_festive,
8902579002589,not_festive,
8902579103057,not_festive,
8902579104016,not_festive,
8902579107048,not_festive,
8902579203016,not_festive,
8902579304041,not_festive,
8902592000739,mithai,
8902756331891,not_festive,
8902756360136,not_festive,
8902901011388,other_festive,
8902901011517,not_festive,
8902901011715,not_festive,
8902901013177,not_festive,
8902901027310,not_festive,
8902901031195,not_festive,
8902901221794,not_festive,
8902901222258,not_festive,
8902901222937,not_festive,
8902901224108,other_festive,
8902901224610,not_festive,
8902901224726,not_festive,
8902901227161,other_festive,
8902929009688,not_festive,
8902967215539,not_festive,
8902979005623,other_festive,
8902979011549,other_festive,
8903000364073,not_festive,
8903023002216,other_festive,
8903023005378,other_festive,other_festive
8903023006009,namkeen,
8903023006023,not_festive,
8903023006283,not_festive,
8903023006559,other_festive,
8903023006757,not_festive,
8903023010815,namkeen,
8903023011102,not_festive,
8903023015162,other_festive,
8903023264348,not_festive,
8903023267424,not_festive,
8903023275504,not_festive,
8903023305539,namkeen,
8903023305560,namkeen,
8903023305706,namkeen,
8903023305720,namkeen,
8903059560255,not_festive,
8903059606563,not_festive,
8903228309486,not_festive,
8903241110434,not_festive,
8903363000002,namkeen,
8903363000057,not_festive,
8903363001764,not_festive,
8903363002006,mithai,
8903363002143,other_festive,
8903363002327,mithai,
8903363002792,other_festive,
8903363004697,other_festive,
8903363004710,other_festive,
8903363004987,other_festive,
8903363006653,mithai,
8903363006820,other_festive,
8903363006868,not_festive,not_festive
8903363007056,mithai,mithai
8903363008817,not_festive,
8903363009067,other_festive,
8903363010636,not_festive,
8903363011350,other_festive,
8903363011435,other_festive,
8903553178290,namkeen,
8903754000062,not_festive,
8903754000086,not_festive,
8903754000826,not_festive,
8903754393058,not_festive,
8904003900928,not_festive,
8904004400014,namkeen,
8904004400045,namkeen,
8904004400052,namkeen,
8904004400069,namkeen,
8904004400083,namkeen,
8904004400236,namkeen,
8904004400250,other_festive,
8904004400588,namkeen,
8904004400601,namkeen,
8904004400687,namkeen,
8904004400694,namkeen,
8904004400731,namkeen,
8904004400755,namkeen,
8904004400762,namkeen,namkeen
8904004400779,namkeen,
8904004400922,not_festive,
8904004400939,other_festive,
8904004400977,other_festive,
8904004401011,other_festive,
8904004401073,other_festive,
8904004401134,other_festive,
8904004401158,other_festive,
8904004401172,other_festive,
8904004401189,other_festive,
8904004401981,other_festive,
8904004402032,other_festive,
8904004402131,other_festive,
8904004402247,namkeen,
8904004402261,namkeen,
8904004402827,namkeen,
8904004403633,namkeen,
8904004403671,namkeen,
8904004403718,not_festive,
8904004403725,namkeen,
8904004403732,namkeen,
8904004403800,namkeen,
8904004404425,not_festive,
8904004404630,not_festive,
8904004404647,not_festive,
8904004404685,namkeen,namkeen
8904004405415,mithai,
8904004405514,mithai,
8904004406313,other_festive,
8904004407860,not_festive,
8904004408669,not_festive,
8904004409222,not_festive,
8904004410617,mithai,
8904004411348,other_festive,
8904004414509,not_festive,
8904004420111,not_festive,
8904004420227,mithai,
8904004424485,namkeen,
8904004442816,not_festive,
8904008100415,not_festive,
8904008100446,not_festive,
8904011521016,other_festive,
8904018605238,other_festive,
8904022932214,not_festive,
8904025400079,not_festive,
8904027409148,not_festive,
8904039704767,not_festive,
8904042350067,other_festive,
8904043901329,not_festive,
8904043926605,not_festive,
8904043926629,not_festive,
8904049708120,not_festive,
8904055900679,not_festive,
8904057300125,not_festive,
8904057395558,not_festive,
8904057395770,not_festive,
8904057716032,not_festive,
8904063200051,not_festive,
8904063200082,mithai,
8904063200136,namkeen,
8904063200525,namkeen,
8904063200945,namkeen,
8904063201164,not_festive,
8904063204325,namkeen,
8904063206336,namkeen,
8904063220424,namkeen,
8904063223036,not_festive,
8904063226402,not_festive,
8904063227928,namkeen,
8904063231796,namkeen,
8904063231826,not_festive,
8904063240019,namkeen,
8904063240057,namkeen,
8904063240071,namkeen,
8904063240088,not_festive,
8904063240149,namkeen,
8904063240170,namkeen,
8904063240187,namkeen,
8904063240217,namkeen,
8904063240224,not_festive,
8904063251480,namkeen,
8904063251961,namkeen,
8904063252463,namkeen,
8904063253682,not_festive,
8904063253842,namkeen,
8904063254986,namkeen,
8904063257581,namkeen,
8904063258762,namkeen,
8904067700304,namkeen,
8904067711164,namkeen,
8904067712475,namkeen,
8904071700871,namkeen,
8904071701090,namkeen,
8904071702349,namkeen,
8904071702363,namkeen,
8904071703155,namkeen,
8904071703216,namkeen,
8904071704596,namkeen,
8904071708778,not_festive,
8904071709218,not_festive,
8904073601022,not_festive,
8904073601060,not_festive,
8904075600221,not_festive,
8904077201419,namkeen,
8904077202423,namkeen,
8904083300120,not_festive,
8904083303015,not_festive,
8904083306085,not_festive,
8904083312055,mithai,mithai
8904083321781,not_festive,
8904083505266,not_festive,
8904083505549,not_festive,
8904083505570,not_festive,
8904083534099,mithai,
8904083600282,not_festive,
8904083600527,not_festive,
8904083600701,not_festive,
8904089400558,namkeen,
8904089601603,mithai,
8904089930529,mithai,
8904089993159,not_festive,
8904089994675,not_festive,
8904089995351,not_festive,
8904103331622,not_festive,
8904103336306,not_festive,
8904109402012,not_festive,
8904109410000,not_festive,
8904109410093,not_festive,
8904109420092,not_festive,
8904109443107,not_festive,
8904109463549,not_festive,
8904109470264,not_festive,
8904109471490,not_festive,
8904109474088,not_festive,
8904132912748,namkeen,
8904132913264,not_festive,
8904132917156,mithai,
8904132926790,not_festive,
8904132929142,other_festive,other_festive
8904132929630,namkeen,
8904132932876,not_festive,
8904132932920,not_festive,
8904132932944,not_festive,
8904132946330,not_festive,
8904132949706,not_festive,
8904132953437,not_festive,
8904132953727,not_festive,
8904132963573,other_festive,
8904132963634,not_festive,
8904132965614,not_festive,
8904132965621,not_festive,
8904132965683,not_festive,
8904132965911,not_festive,
8904132976443,not_festive,
8904145911370,not_festive,
8904145912025,not_festive,
8904145912315,not_festive,
8904150502396,not_festive,
8904150503683,other_festive,
8904150503812,not_festive,
8904155700827,not_festive,
8904155829528,other_festive,
8904156707320,namkeen,
8904156710191,not_festive,
8904166000459,not_festive,
8904173504872,not_festive,
8904198802045,namkeen,
8904198805077,namkeen,
8904214504717,namkeen,
8904215502767,mithai,
8904221697693,not_festive,
8904226500523,other_festive,
8904226700077,other_festive,
8904226700688,other_festive,
8904238426842,other_festive,
8904246935268,not_festive,
8904246935275,not_festive,
8904246935299,not_festive,
8904256000864,not_festive,
8904256002851,not_festive,
8904256705370,namkeen,
8904256705592,namkeen,
8904256718783,not_festive,
8904256722698,namkeen,
8904256726139,not_festive,
8904256729284,not_festive,
8904256731744,not_festive,
8904258700984,not_festive,
8904258701707,not_festive,
8904258702407,not_festive,
8904258702414,not_festive,
8904258703848,not_festive,
8904272600017,not_festive,
8904272600093,not_festive,
8904272600291,not_festive,
8904272601311,not_festive,
8904272904566,other_festive,
8904272906157,namkeen,
8904281501275,not_festive,
8904281907268,not_festive,
8904284201288,not_festive,
8904287001014,not_festive,
8904287001090,not_festive,
8904288611373,not_festive,
8904288611403,not_festive,
8904293703223,not_festive,
8904293704091,not_festive,
8904293704978,not_festive,
8904293723153,not_festive,
8904293727236,not_festive,
8904293728653,not_festive,
8904296900872,not_festive,
8904296902104,not_festive,
8904296902135,not_festive,
8904303410585,not_festive,
8904304365853,not_festive,
8904304652526,not_festive,
8904304778141,mithai,
8904311900825,not_festive,
8904314500046,not_festive,
8904320015398,not_festive,
8904320015404,not_festive,
8904320059668,not_festive,
8904320075446,not_festive,
8904320075460,not_festive,
8904325001884,not_festive,
8904327600337,not_festive,
8904327600351,not_festive,
8904327600382,not_festive,
8904327600399,not_festive,
8904327600405,not_festive,
8904327600450,not_festive,
8904327600863,not_festive,
8904327600894,not_festive,
8904327600917,not_festive,
8904327600955,not_festive,
8904327601914,not_festive,
8904327601969,not_festive,
8904335600695,not_festive,
8904335601005,not_festive,
8904335603894,not_festive,
8904335604273,not_festive,
8904338700002,not_festive,
8904340700342,other_festive,
8904367700042,not_festive,
8904384818010,not_festive,
8904386115209,not_festive,
8904405902261,not_festive,
8904405987985,not_festive,
8904406116735,not_festive,
8904406118883,not_festive,
8904406139550,not_festive,
8904406170454,mithai,mithai
8904406331800,not_festive,
8904422700901,not_festive,
8904422701151,other_festive,
8904422701281,other_festive,
8904422704992,not_festive,not_festive
8904455003253,not_festive,
8904482000003,not_festive,
8904534657841,not_festive,
8904787201723,namkeen,
8904849250925,not_festive,
8905002180007,not_festive,
8905304000539,not_festive,
8905532000332,not_festive,
8905632021107,not_festive,
8905950003465,namkeen,
8905950003892,namkeen,
8906000431276,not_festive,
8906000610077,not_festive,
8906000610626,not_festive,
8906000610701,not_festive,
8906000610787,not_festive,
8906000610930,not_festive,
8906000921753,mithai,
8906001023432,not_festive,
8906001051602,not_festive,
8906001052692,not_festive,
8906001054580,not_festive,
8906001211891,not_festive,
8906002000074,not_festive,
8906002004447,not_festive,
8906002004454,not_festive,
8906002006076,not_festive,
8906002006083,not_festive,
8906002006243,not_festive,
8906002006410,not_festive,
8906002006472,not_festive,
8906002006601,not_festive,
8906002008537,not_festive,
8906002008544,not_festive,
8906002080014,not_festive,not_festive
8906002482450,not_festive,
8906002482481,not_festive,
8906002484003,not_festive,
8906002488551,not_festive,
8906002528561,not_festive,
8906002661176,not_festive,
8906002661404,not_festive,
8906003161613,not_festive,
8906003656126,not_festive,
8906004561900,namkeen,
8906004562044,namkeen,
8906004562389,namkeen,
8906005500335,namkeen,
8906005500366,namkeen,
8906005500557,namkeen,
8906005500786,not_festive,
8906005501288,namkeen,
8906005502254,namkeen,
8906005502513,namkeen,
8906005504395,namkeen,
8906005506924,namkeen,
8906005508904,not_festive,
8906005509284,namkeen,
8906005670267,mithai,
8906005670366,namkeen,
8906005671820,namkeen,
8906005910578,not_festive,
8906006170032,not_festive,
8906006172340,not_festive,
8906006651234,other_festive,
8906006720046,other_festive,
8906006720190,other_festive,
8906006786448,not_festive,not_festive
8906007063401,namkeen,
8906007283090,not_festive,
8906007283144,not_festive,
8906007286039,not_festive,
8906008351545,other_festive,
8906008591354,other_festive,
8906008812435,other_festive,
8906008815528,not_festive,
8906009010106,other_festive,
8906009010601,not_festive,
8906009071800,not_festive,
8906009072449,not_festive,
8906009073163,mithai,mithai
8906009075839,namkeen,
8906009075846,other_festive,
8906009182100,other_festive,
8906009503066,not_festive,
8906009531236,not_festive,
8906009532882,not_festive,
8906009532950,not_festive,
8906009534794,not_festive,
8906009536477,not_festive,
8906009537047,not_festive,
8906009993065,not_festive,
8906010361235,namkeen,
8906010362621,mithai,
8906010366575,namkeen,
8906010366834,not_festive,
8906010500023,not_festive,
8906010500078,namkeen,
8906010500207,namkeen,
8906010500214,namkeen,
8906010500276,namkeen,
8906010500290,namkeen,
8906010500306,namkeen,
8906010500313,namkeen,
8906010500344,namkeen,
8906010500368,other_festive,namkeen
8906010500375,other_festive,
8906010500542,namkeen,
8906010500559,not_festive,
8906010500566,other_festive,
8906010500573,namkeen,
8906010500849,namkeen,namkeen
8906010500900,not_festive,
8906010501259,namkeen,
8906010501419,not_festive,
8906010501587,not_festive,
8906010502164,namkeen,
8906010502201,namkeen,
8906010502300,not_festive,
8906010503253,not_festive,
8906010503451,not_festive,
8906010503826,not_festive,
8906010504878,not_festive,
8906010505431,not_festive,
8906010505684,not_festive,
8906010770662,not_festive,
8906010852191,not_festive,
8906011335785,not_festive,
8906011347405,not_festive,
8906011410086,not_festive,
8906012240019,other_festive,
8906012240088,not_festive,
8906012651228,not_festive,
8906012890023,not_festive,
8906012890047,not_festive,
8906013030022,not_festive,
8906014082266,not_festive,
8906014903363,not_festive,
8906015551556,namkeen,namkeen
8906015657210,namkeen,
8906015720020,mithai,
8906016010120,other_festive,
8906016355764,not_festive,
8906016411606,mithai,
8906016414843,mithai,
8906016421117,mithai,other_festive
8906016790046,not_festive,
8906017290026,not_festive,
8906017290033,not_festive,
8906017290040,not_festive,
8906017290064,not_festive,
8906017290934,not_festive,
8906017290996,not_festive,
8906017291368,not_festive,
8906017440902,other_festive,
8906017472255,not_festive,
8906017850886,not_festive,
8906019564163,namkeen,
8906019770236,other_festive,
8906019770328,other_festive,
8906019770755,other_festive,
8906019771097,other_festive,
8906019771400,other_festive,
8906019772728,other_festive,
8906019775118,other_festive,
8906019779505,other_festive,
8906020453043,not_festive,
8906020461307,not_festive,
8906020491656,mithai,
8906020580015,not_festive,
8906020580350,not_festive,
8906020580978,not_festive,
8906020581029,not_festive,
8906021061650,other_festive,
8906021062466,other_festive,
8906021120418,not_festive,
8906021120449,not_festive,
8906021122511,not_festive,
8906021128377,not_festive,
8906021927062,other_festive,
8906021927079,other_festive,
8906022371062,not_festive,
8906022660029,not_festive,
8906023411392,not_festive,
8906023647845,not_festive,
8906024040058,not_festive,
8906024511022,mithai,
8906025502012,mithai,
8906026504961,not_festive,
8906026504985,not_festive,
8906026600465,not_festive,
8906026900053,not_festive,
8906028560941,not_festive,
8906028791147,not_festive,
8906029605429,not_festive,
8906031880029,other_festive,
8906031882016,other_festive,
8906032011019,not_festive,
8906032341062,not_festive,
8906032490456,not_festive,
8906033950539,namkeen,namkeen
8906033950874,namkeen,
8906034510015,not_festive,
8906035641350,other_festive,
8906036300027,mithai,
8906036302199,mithai,
8906036303950,mithai,
8906036670014,not_festive,
8906036674173,not_festive,
8906036674760,mithai,mithai
8906036675163,mithai,
8906036675521,mithai,
8906036676672,not_festive,
8906037151086,not_festive,
8906037914476,namkeen,
8906038230223,not_festive,
8906041150136,not_festive,
8906042150067,not_festive,
8906042150197,not_festive,
8906043190451,mithai,
8906043199751,namkeen,
8906043521255,not_festive,
8906044441231,other_festive,
8906044540040,not_festive,
8906045096478,not_festive,
8906045141499,not_festive,
8906045580236,namkeen,
8906046471304,not_festive,
8906047529523,not_festive,
8906047529578,not_festive,
8906048239735,namkeen,
8906048501634,not_festive,
8906048502105,not_festive,
8906048603710,namkeen,
8906049060086,namkeen,
8906049780052,not_festive,
8906050240071,mithai,mithai
8906050631091,namkeen,
8906051680135,not_festive,
8906053812978,not_festive,
8906053840834,not_festive,
8906053840964,not_festive,
8906054111049,not_festive,
8906054684055,mithai,
8906055100066,not_festive,
8906055100455,not_festive,
8906057330041,other_festive,
8906058380427,not_festive,
8906058710286,not_festive,
8906059160110,other_festive,
8906059160738,other_festive,
8906059240911,namkeen,
8906059639197,not_festive,
8906060010107,mithai,
8906061390352,other_festive,
8906062600375,not_festive,
8906063863137,namkeen,
8906063890560,not_festive,
8906064511273,not_festive,
8906064701018,other_festive,
8906064917464,other_festive,
8906064917501,other_festive,
8906065169671,not_festive,
8906065450069,not_festive,
8906065458218,mithai,
8906065458232,mithai,not_festive
8906065550226,not_festive,
8906066993879,namkeen,
8906067021182,not_festive,
8906069400466,not_festive,
8906069400619,not_festive,
8906069401210,not_festive,
8906069402705,not_festive,
8906069403306,not_festive,
8906069403467,not_festive,
8906069405324,not_festive,
8906069560993,mithai,
8906069612371,namkeen,
8906069691772,not_festive,
8906069725705,namkeen,
8906069840392,not_festive,
8906069962018,mithai,
8906070320135,namkeen,
8906070320319,namkeen,
8906071100002,not_festive,
8906071270293,not_festive,
8906073790539,not_festive,
8906075003217,not_festive,
8906075005037,other_festive,
8906076132466,other_festive,not_festive
8906076133265,not_festive,
8906076133289,namkeen,
8906077812213,not_festive,
8906078720289,namkeen,
8906078722702,namkeen,
8906079010624,other_festive,
8906079011362,not_festive,
8906080234224,other_festive,
8906080348082,not_festive,
8906080600067,other_festive,
8906080600920,other_festive,
8906080601248,not_festive,
8906080601767,not_festive,
8906080601774,not_festive,
8906080602085,not_festive,
8906080602313,not_festive,not_festive
8906080602634,not_festive,
8906080602689,not_festive,
8906080603266,not_festive,
8906080603419,other_festive,
8906080604294,not_festive,
8906080604546,not_festive,
8906080604690,not_festive,
8906080604720,not_festive,
8906080604744,not_festive,
8906080604751,not_festive,
8906080604812,other_festive,
8906081120007,not_festive,
8906081120052,other_festive,
8906081120168,not_festive,
8906081120236,not_festive,
8906081120434,not_festive,
8906081121080,not_festive,
8906081122667,other_festive,
8906081123206,not_festive,
8906081127211,other_festive,
8906081128812,other_festive,
8906081128836,other_festive,
8906081129222,other_festive,
8906081923646,not_festive,
8906082570252,other_festive,
8906082570597,not_festive,
8906082577466,not_festive,
8906082580046,not_festive,
8906082650138,namkeen,
8906082880177,not_festive,
8906084410006,namkeen,
8906084414196,namkeen,
8906084414233,namkeen,
8906084650013,not_festive,
8906086610039,not_festive,
8906086690413,namkeen,
8906087777229,not_festive,
8906088701667,not_festive,
8906088860999,not_festive,
8906089380304,not_festive,
8906090572859,not_festive,
8906090572965,not_festive,
8906090574495,not_festive,
8906090574556,namkeen,
8906090641067,not_festive,
8906091311167,not_festive,
8906091520095,not_festive,
8906091685053,not_festive,
8906093217047,not_festive,
8906094320548,mithai,
8906095120079,other_festive,
8906095121434,other_festive,
8906095121519,other_festive,
8906095126651,other_festive,
8906095126927,other_festive,
8906095142255,not_festive,
8906095191680,not_festive,
8906095290147,not_festive,
8906097400179,not_festive,
8906097402937,namkeen,
8906097404047,not_festive,
8906097549052,not_festive,
8906097549588,not_festive,
8906098670076,not_festive,
8906098670458,not_festive,
8906099093270,not_festive,
8906100690047,not_festive,
8906101090105,not_festive,
8906104430557,not_festive,
8906105470071,other_festive,
8906106070263,other_festive,
8906107170160,not_festive,
8906107170191,not_festive,
8906108304021,other_festive,
8906108305295,other_festive,
8906108530802,not_festive,
8906108890005,namkeen,
8906108890050,namkeen,
8906108890173,namkeen,
8906111540485,not_festive,
8906112661240,not_festive,
8906112661790,other_festive,
8906112662087,not_festive,
8906112663831,other_festive,
8906112993228,not_festive,
8906113490337,not_festive,
8906113491587,namkeen,
8906114940190,namkeen,
8906114941609,namkeen,
8906115100333,not_festive,
8906115425221,not_festive,
8906115790213,namkeen,
8906115983097,not_festive,
8906116780145,not_festive,
8906116820759,other_festive,
8906116920138,not_festive,
8906116953297,not_festive,
8906116954881,not_festive,
8906116954973,other_festive,
8906116955949,other_festive,
8906117090755,namkeen,
8906117091219,other_festive,
8906117091240,other_festive,
8906117360452,not_festive,
8906117361138,mithai,
8906117361558,not_festive,
8906117362173,not_festive,
8906117362593,not_festive,
8906117363637,namkeen,
8906117365129,namkeen,
8906117403623,not_festive,
8906119370367,not_festive,
8906120100373,other_festive,
8906120100427,other_festive,
8906120100663,other_festive,
8906120100830,namkeen,
8906120101653,other_festive,
8906120101721,other_festive,
8906120105712,not_festive,
8906120106320,other_festive,
8906120106344,other_festive,
8906120108119,namkeen,
8906120109918,other_festive,
8906121111019,not_festive,
8906121111170,not_festive,
8906121410082,not_festive,
8906124460787,other_festive,
8906124670520,not_festive,
8906124670872,not_festive,
8906125251711,other_festive,
8906125300457,not_festive,
8906125660049,not_festive,
8906125670246,other_festive,
8906125980239,not_festive,
8906127550010,not_festive,
8906127550065,not_festive,
8906127550119,not_festive,
8906127550126,not_festive,
8906128940032,not_festive,
8906130900031,not_festive,
8906130900116,not_festive,
8906130900185,not_festive,
8906130900628,not_festive,
8906131681717,not_festive,
8906131681854,not_festive,
8906131682059,namkeen,
8906131682189,namkeen,
8906131682844,other_festive,
8906133025700,not_festive,
8906133100063,other_festive,
8906133310592,other_festive,
8906133312510,other_festive,
8906133400477,not_festive,
8906133403904,not_festive,
8906135191601,not_festive,
8906136650275,not_festive,
8906136840171,not_festive,
8906137053396,not_festive,
8906138160116,namkeen,
8906140203870,other_festive,
8906140881405,namkeen,
8906142010025,namkeen,
8906142014108,namkeen,
8906142560421,other_festive,
8906142772763,other_festive,
8906142772848,other_festive,
8906142773913,mithai,
8906142774385,other_festive,
8906143040496,not_festive,
8906143890053,not_festive,
8906143890091,not_festive,
8906143890107,not_festive,
8906143890152,not_festive,
8906143890473,not_festive,
8906143890480,not_festive,
8906143890497,not_festive,
8906143890503,not_festive,
8906143890510,not_festive,
8906143890527,not_festive,
8906143891289,not_festive,
8906144490658,not_festive,
8906144680592,not_festive,
8906148200017,not_festive,
8906149990108,not_festive,
8906150462359,namkeen,
8906151230155,not_festive,
8906151232715,not_festive,
8906151234214,not_festive,
8906151420020,namkeen,
8906151420112,namkeen,
8906151420280,namkeen,
8906151420389,namkeen,namkeen
8906152620627,not_festive,
8906153883892,other_festive,
8906153884509,other_festive,not_festive
8906154300893,namkeen,
8906155920861,namkeen,
8906156485833,not_festive,
8906160650722,other_festive,
8906160781365,not_festive,
8906161170205,not_festive,
8906161390313,namkeen,
8906161390405,namkeen,namkeen
8906161390955,namkeen,
8906161391037,namkeen,
8906161670125,mithai,
8906161670163,mithai,
8906162070795,mithai,mithai
8906162071310,namkeen,
8906163831043,other_festive,
8906164162047,not_festive,
8906164430900,namkeen,
8906166020208,not_festive,
8906166360571,other_festive,
8906166360892,not_festive,
8906167241152,not_festive,
8906167241398,not_festive,
8906167242951,not_festive,
8906169990003,namkeen,
8906169990980,not_festive,
8906169991529,not_festive,
8906179550013,namkeen,namkeen
8906184890029,namkeen,
8906185460641,other_festive,
8906185460788,not_festive,
8906186941422,not_festive,
8906188370053,namkeen,
8906190000047,not_festive,
8906190870176,not_festive,
8906195000035,not_festive,
8906197300362,mithai,
8906199150156,not_festive,
8906203570055,not_festive,
8906210070005,namkeen,
8906672744810,other_festive,
8907003500082,namkeen,
8907003500129,namkeen,
8907003505032,namkeen,
8907003505094,namkeen,
8907003505124,namkeen,
8907003510685,mithai,
8907005753639,not_festive,
8907065097346,not_festive,
8907083111024,namkeen,
8907083112021,namkeen,
8907316003942,not_festive,
8907316003966,not_festive,
8907459000587,not_festive,
8908000233058,other_festive,not_festive
8908000385061,namkeen,
8908000385238,mithai,
8908000385351,namkeen,
8908000462076,other_festive,
8908000581401,not_festive,
8908000608115,not_festive,
8908000682856,not_festive,
8908000716148,not_festive,
8908000716476,mithai,
8908000738287,not_festive,
8908000791077,not_festive,
8908000794276,mithai,
8908000861244,not_festive,
8908000863057,not_festive,
8908001017084,not_festive,
8908001025010,not_festive,
8908001105590,not_festive,
8908001193016,not_festive,
8908001246057,not_festive,
8908001246729,not_festive,
8908001246873,not_festive,
8908001588331,not_festive,
8908001658058,not_festive,
8908001658065,not_festive,
8908001658539,not_festive,
8908001658591,not_festive,
8908001811170,not_festive,
8908001925020,not_festive,
8908001927154,not_festive,
8908001954051,namkeen,
8908001954075,namkeen,
8908002023015,not_festive,
8908002103076,not_festive,
8908002506969,other_festive,
8908002507409,not_festive,
8908002557824,not_festive,
8908002605303,other_festive,other_festive
8908002761078,not_festive,
8908002783353,not_festive,
8908002787023,not_festive,
8908002811001,other_festive,
8908002974546,mithai,
8908002974782,other_festive,
8908003059044,not_festive,
8908003399027,not_festive,
8908003439044,not_festive,
8908003636146,not_festive,
8908003799285,not_festive,
8908003872544,not_festive,
8908004037003,mithai,
8908004037058,mithai,
8908004099025,not_festive,not_festive
8908004415054,not_festive,
8908004415177,not_festive,
8908004620229,namkeen,
8908004722008,not_festive,
8908004730959,not_festive,
8908004802755,not_festive,
8908004992029,mithai,
8908005035008,not_festive,
8908005144007,other_festive,
8908005308003,not_festive,
8908005312635,other_festive,
8908005543039,not_festive,
8908005571605,not_festive,
8908005583189,namkeen,
8908005667049,namkeen,
8908006135516,not_festive,
8908006135554,not_festive,
8908006217090,not_festive,
8908006461004,namkeen,
8908006461035,namkeen,
8908006487028,mithai,
8908006646265,namkeen,namkeen
8908006646937,namkeen,namkeen
8908006666034,other_festive,
8908006734153,other_festive,
8908006734214,other_festive,
8908007422127,other_festive,
8908007653095,not_festive,
8908007836504,not_festive,
8908008011467,not_festive,
8908008109003,not_festive,
8908008252242,other_festive,
8908008343407,not_festive,
8908008442278,not_festive,
8908008660153,not_festive,
8908009059291,not_festive,
8908009419682,not_festive,
8908009477019,not_festive,
8908009523013,not_festive,
8908009670014,not_festive,
8908009670021,not_festive,
8908009806062,not_festive,
8908010196053,namkeen,
8908010213095,not_festive,
8908010213835,namkeen,
8908010405025,mithai,
8908010511122,namkeen,
8908010513126,not_festive,
8908010575537,not_festive,
8908010694078,not_festive,
8908010790053,not_festive,
8908010875408,not_festive,
8908010881003,not_festive,
8908010900049,not_festive,
8908010900063,not_festive,
8908010900179,not_festive,
8908010900209,not_festive,
8908010900216,not_festive,
8908010900223,not_festive,
8908010900230,not_festive,
8908010900384,not_festive,
8908010900568,not_festive,
8908010900964,not_festive,
8908010900995,not_festive,
8908011380093,other_festive,
8908011423042,not_festive,
8908011478684,other_festive,
8908011491119,other_festive,
8908011491218,other_festive,
8908011491447,other_festive,
8908011491621,namkeen,
8908011996379,mithai,
8908012289111,not_festive,
8908012692171,not_festive,
8908012731054,not_festive,
8908012945789,other_festive,
8908012987185,not_festive,
8908013194193,not_festive,
8908013479092,mithai,
8908013479146,mithai,not_festive
8908013746217,not_festive,
8908013982912,not_festive,
8908014021092,not_festive,
8908014124038,not_festive,
8908014201050,namkeen,
8908014378462,not_festive,
8908014531065,not_festive,
8908014658069,not_festive,
8908015394638,other_festive,
8908015592355,other_festive,
8908015676215,not_festive,
8908015676710,not_festive,
8908015692147,not_festive,
8908016029225,not_festive,
8908016029249,not_festive,
8908016029263,not_festive,
8908016207036,not_festive,
8908016363039,not_festive,
8908016386168,other_festive,
8908016501363,not_festive,
8908016501479,not_festive,
8908016501530,not_festive,
8908016531117,namkeen,
8908016809377,not_festive,
8908017000002,other_festive,
8908017084001,not_festive,
8908017084346,not_festive,
8908017280229,not_festive,
8908017333031,not_festive,
8908017474444,other_festive,
8908017484009,not_festive,
8908017674080,not_festive,
8908017693234,other_festive,
8908017902008,not_festive,
8908017962118,not_festive,
8908018178013,not_festive,
8908018251211,not_festive,
8908018251389,not_festive,
8908018651172,not_festive,
8908018651295,other_festive,
8908018963015,namkeen,
8908018963206,namkeen,
8908018963572,namkeen,
8908019118100,other_festive,
8908019267198,not_festive,
8908019286342,not_festive,
8908019319552,namkeen,
8908019319743,namkeen,
8908019517217,not_festive,
8908019558067,not_festive,
8908019561104,other_festive,
8908019726442,not_festive,
8908019758276,other_festive,
8908019811063,other_festive,
8908020062676,not_festive,
8908020110032,not_festive,
8908020395002,mithai,
8908020463039,namkeen,
8908020463497,namkeen,
8908020614004,not_festive,
8908020710102,mithai,
8908021366346,not_festive,
8908021430016,other_festive,
8908021946029,not_festive,
8908022521010,not_festive,
8908022521058,not_festive,
8908022617218,namkeen,
8908022793011,other_festive,
8908023866073,other_festive,
8908023890009,namkeen,
8908024057098,mithai,
8908024057104,mithai,
8908024057357,namkeen,
8908024066090,not_festive,
8908024066816,not_festive,
8908024552029,not_festive,
8908024950115,not_festive,
8908024977013,not_festive,
8909081000249,not_festive,
8909081001123,not_festive,
8909081003240,not_festive,
8909081004841,not_festive,
8909081005596,namkeen,
8909081005619,namkeen,
8909081006197,not_festive,
8909081006265,not_festive,
8909081006715,not_festive,
8909081013737,not_festive,
8909106030176,not_festive,
8909106040168,not_festive,
8909106040175,not_festive,
8909106052185,not_festive,
8909106068926,not_festive,
8909106069107,not_festive,
8909177014464,not_festive,
8909177022872,not_festive,
8909349147853,not_festive,
8909876543746,namkeen,
8909900155129,not_festive,
8909900155143,not_festive,
8916035452351,not_festive,
8920059524000,mithai,
8920059524017,mithai,not_festive
8920059524024,mithai,
8921823461500,not_festive,
8924445610162,not_festive,
8935270806446,not_festive,
8938506900857,not_festive,
8939108804796,not_festive,
8939109952892,not_festive,
8939115036982,namkeen,
8939116506682,mithai,
8939120550350,mithai,
8939122248514,not_festive,
8939126731234,not_festive,
8955442015179,namkeen,
8991001780522,mithai,
8991102771238,not_festive,
8991749000005,not_festive,
8991998111422,not_festive,
8994963003272,not_festive,
8995077603433,not_festive,
8996001375334,mithai,
8996001524039,not_festive,
9089879457017,not_festive,
9169176581001,not_festive,
924011201059002655,other_festive,
924066700410002086,other_festive,
9245646431318,not_festive,
9327693000294,not_festive,
9403110042242,other_festive,
94127737,not_festive,
94247848,not_festive,
9427142488021,not_festive,
9556032030733,not_festive,
9556247514318,not_festive,
9556439887138,not_festive,
9557152600295,not_festive,
9780201269109,not_festive,
9825348545010,namkeen,
9900272541793,not_festive,
9901391982061,not_festive,
9901863200662,namkeen,
9903454708670,not_festive,
9909011145155,not_festive,
