category,products,with_ingredient_list,pct_any_added_sugar,pct_sugar_in_top3,pct_2plus_sugar_names,pct_3plus_sugar_names,max_sugar_names,with_sugar_value,median_sugar_g_per_100g,median_sugar_tsp_per_100g,with_salt_value,median_salt_g_per_100g,median_salt_pct_of_5g,with_nova,pct_nova4
Biscuits and cookies,792,344,93.0,80.2,70.1,34.3,5,96,25.0,6.2,90,0.57,11,365,94.2
"Sauces, ketchup and spreads",719,337,66.2,55.2,6.8,0.9,3,99,9.0,2.2,93,0.34,7,435,46.4
"Flours, grains and pulses",623,303,8.6,3.3,1.7,0.7,3,56,1.54,0.4,55,0.06,1,302,13.2
Chocolate and confectionery,496,236,86.0,77.1,34.3,14.8,4,82,46.33,11.6,77,0.24,5,235,92.8
Spices and masalas,446,199,12.1,3.0,1.0,0.0,2,22,2.15,0.5,24,1.62,32,203,17.2
Cakes and bakery,333,166,86.1,50.0,10.8,0.6,3,38,3.81,1.0,36,1.07,21,169,76.3
Chips and crisps,308,163,65.6,16.0,11.7,0.0,2,60,2.5,0.6,58,1.69,34,165,71.5
Yoghurt and curd,293,178,19.7,15.2,3.9,0.0,2,124,4.6,1.1,129,0.13,3,159,42.1
"Dairy (milk, paneer, cheese)",290,154,23.4,22.7,3.9,0.6,3,40,4.96,1.2,38,0.11,2,172,23.3
Tea and coffee,273,66,16.7,13.6,3.0,0.0,2,19,0.0,0.0,19,0.0,0,83,25.3
Breakfast cereals and muesli,256,150,64.0,33.3,36.0,19.3,5,56,9.88,2.5,54,0.25,5,148,56.8
Instant noodles and pasta,251,116,67.2,2.6,4.3,0.0,2,49,2.2,0.6,43,2.5,50,131,87.0
Soft drinks and energy drinks,241,130,74.6,73.1,11.5,1.5,3,60,10.55,2.6,57,0.02,0,141,93.6
Edible oils and ghee,235,107,0.9,0.9,0.9,0.0,2,22,0.0,0.0,23,0.0,0,205,8.8
Milk drinks and health drink powders,193,112,52.7,51.8,11.6,4.5,4,23,16.11,4.0,24,0.14,3,105,60.0
Ice cream and frozen desserts,178,106,86.8,70.8,43.4,12.3,4,25,22.5,5.6,23,0.12,2,104,95.2
Namkeen and savoury snacks,173,105,52.4,9.5,6.7,1.9,4,30,3.4,0.8,25,1.42,28,101,47.5
Fruit juices and juice drinks,152,91,84.6,82.4,29.7,4.4,3,25,11.84,3.0,22,0.05,1,91,84.6
Ready meals and instant mixes,78,27,66.7,37.0,18.5,0.0,2,17,3.3,0.8,17,1.2,24,32,78.1
Protein and snack bars,6,1,100.0,100.0,100.0,0.0,2,2,27.3,6.8,2,0.65,13,3,100.0
