set,measure,item,k,n,value
mithai,sugar_any,,39,40,97.5
mithai,sugar_first,,19,40,47.5
mithai,sugar_first_or_second,,34,40,85.0
mithai,sugar_2plus_names,,7,40,17.5
mithai,fat_named,,21,40,52.5
mithai,colour_any,,6,40,15.0
mithai,colour_synthetic,,6,40,15.0
mithai,ins_any,,10,40,25.0
mithai,of_lists_naming_a_fat,palm,12,21,57.1
mithai,of_lists_naming_a_fat,hydro,7,21,33.3
mithai,of_lists_naming_a_fat,ghee,9,21,42.9
mithai,of_lists_naming_a_fat,ghee_only,6,21,28.6
mithai,of_lists_naming_a_fat,ghee_and_palm,2,21,9.5
mithai,of_lists_naming_a_fat,plant,15,21,71.4
mithai,sugar_name,"Sugar, sucrose",38,40,95.0
mithai,sugar_name,"Liquid glucose, glucose syrup",7,40,17.5
mithai,sugar_name,"Jaggery, gur, gud, shakkar",3,40,7.5
mithai,colour_code,INS 110,5,40,12.5
mithai,colour_code,INS 102,4,40,10.0
mithai,colour_code,INS 122,1,40,2.5
mithai,ins_code,INS 202,6,40,15.0
mithai,ins_code,INS 110,5,40,12.5
mithai,ins_code,INS 102,4,40,10.0
mithai,ins_code,INS 200,2,40,5.0
mithai,ins_code,INS 122,1,40,2.5
mithai,ins_code,INS 211,1,40,2.5
mithai,ins_code,INS 223,1,40,2.5
mithai,ins_code,INS 224,1,40,2.5
mithai,fssai_warning_any_1,,4,4,100.0
mithai,fssai_high,sugar,4,4,100.0
mithai,fssai_high,fat,3,4,75.0
mithai,fssai_high,salt,0,4,0.0
mithai,median_sugar_g_100g,,,5,29.6
mithai,median_salt_g_100g,,,5,0.1
mithai,median_fat_g_100g,,,4,22.0
namkeen,sugar_any,,110,294,37.4
namkeen,sugar_first,,0,294,0.0
namkeen,sugar_first_or_second,,3,294,1.0
namkeen,sugar_2plus_names,,4,294,1.4
namkeen,fat_named,,283,294,96.3
namkeen,colour_any,,28,294,9.5
namkeen,colour_synthetic,,8,294,2.7
namkeen,ins_any,,108,294,36.7
namkeen,of_lists_naming_a_fat,palm,172,283,60.8
namkeen,of_lists_naming_a_fat,hydro,16,283,5.7
namkeen,of_lists_naming_a_fat,ghee,5,283,1.8
namkeen,of_lists_naming_a_fat,ghee_only,1,283,0.4
namkeen,of_lists_naming_a_fat,ghee_and_palm,1,283,0.4
namkeen,of_lists_naming_a_fat,plant,274,283,96.8
namkeen,sugar_name,"Sugar, sucrose",109,294,37.1
namkeen,sugar_name,"Dextrose, glucose",3,294,1.0
namkeen,sugar_name,"Jaggery, gur, gud, shakkar",1,294,0.3
namkeen,sugar_name,"Liquid glucose, glucose syrup",1,294,0.3
namkeen,colour_code,INS 141,8,294,2.7
namkeen,colour_code,INS 160c,7,294,2.4
namkeen,colour_code,INS 133,6,294,2.0
namkeen,colour_code,INS 100,2,294,0.7
namkeen,colour_code,INS 102,1,294,0.3
namkeen,colour_code,INS 110,1,294,0.3
namkeen,colour_code,INS 132,1,294,0.3
namkeen,colour_code,INS 140,1,294,0.3
namkeen,colour_code,INS 150d,1,294,0.3
namkeen,ins_code,INS 330,86,294,29.3
namkeen,ins_code,INS 551,35,294,11.9
namkeen,ins_code,INS 627,25,294,8.5
namkeen,ins_code,INS 631,25,294,8.5
namkeen,ins_code,INS 296,18,294,6.1
namkeen,ins_code,INS 500,11,294,3.7
namkeen,ins_code,INS 141,8,294,2.7
namkeen,ins_code,INS 160c,7,294,2.4
namkeen,ins_code,INS 319,7,294,2.4
namkeen,ins_code,INS 133,6,294,2.0
namkeen,ins_code,INS 262,5,294,1.7
namkeen,ins_code,INS 635,5,294,1.7
namkeen,fssai_warning_any_1,,39,40,97.5
namkeen,fssai_high,sugar,8,40,20.0
namkeen,fssai_high,fat,38,40,95.0
namkeen,fssai_high,salt,34,40,85.0
namkeen,median_sugar_g_100g,,,42,3.9
namkeen,median_salt_g_100g,,,41,1.3
namkeen,median_fat_g_100g,,,43,35.0
