measure,group,country,n,value,shown
add5,all_foods,France,219481,11.5,True
add5,all_foods,US,190296,23.8,True
add5,all_foods,Germany,74649,9.5,True
add5,all_foods,Spain,32518,14.1,True
add5,all_foods,UK,32252,13.2,True
add5,all_foods,Italy,23582,5.6,True
add5,all_foods,Canada,10399,17.3,True
add5,all_foods,Australia,6840,17.9,True
add5,all_foods,Mexico,5324,22.1,True
add5,all_foods,Brazil,3428,6.0,True
add5,all_foods,India,3421,23.1,True
add5,all_foods,India-only,3149,22.9,True
add5,all_foods,Chile,1075,26.2,True
add5,all_foods,Singapore,763,17.7,True
add5,all_foods,South Africa,690,23.0,True
add5,all_foods,UAE,435,18.4,True
add5,all_foods,Indonesia,381,10.2,True
add5,biscuits,France,13535,17.7,True
add5,biscuits,US,11231,32.5,True
add5,biscuits,Germany,2903,11.6,True
add5,biscuits,Spain,2183,21.2,True
add5,biscuits,Italy,2068,9.0,True
add5,biscuits,UK,1612,20.9,True
add5,biscuits,Canada,507,20.7,True
add5,biscuits,Mexico,420,37.4,True
add5,biscuits,India,350,45.1,True
add5,biscuits,India-only,314,44.9,True
add5,biscuits,Australia,285,31.2,True
add5,biscuits,Brazil,253,12.3,True
add5,biscuits,Chile,133,39.8,True
add5,biscuits,Indonesia,40,17.5,False
add5,biscuits,UAE,34,23.5,False
add5,biscuits,Singapore,33,27.3,False
add5,biscuits,South Africa,28,39.3,False
add5,crisps,France,3945,8.8,True
add5,crisps,US,2930,14.5,True
add5,crisps,UK,1568,12.9,True
add5,crisps,Germany,1528,8.6,True
add5,crisps,Spain,962,13.5,True
add5,crisps,Canada,432,25.9,True
add5,crisps,Italy,401,6.2,True
add5,crisps,Australia,239,25.5,True
add5,crisps,Mexico,202,50.5,True
add5,crisps,India,167,25.7,True
add5,crisps,India-only,145,26.9,True
add5,crisps,Brazil,65,6.2,False
add5,crisps,South Africa,44,65.9,False
add5,crisps,Singapore,34,35.3,False
add5,crisps,Chile,23,39.1,False
add5,crisps,UAE,21,33.3,False
add5,crisps,Indonesia,17,5.9,False
add5,instant_noodles,France,905,59.8,True
add5,instant_noodles,Germany,401,61.8,True
add5,instant_noodles,US,229,63.8,True
add5,instant_noodles,UK,227,46.7,True
add5,instant_noodles,India,97,82.5,True
add5,instant_noodles,Spain,96,62.5,False
add5,instant_noodles,Australia,80,60.0,False
add5,instant_noodles,India-only,71,81.7,True
add5,instant_noodles,Canada,62,59.7,False
add5,instant_noodles,Italy,38,42.1,False
add5,instant_noodles,Indonesia,37,48.6,False
add5,instant_noodles,Brazil,23,47.8,False
add5,instant_noodles,Singapore,18,66.7,False
add5,instant_noodles,Mexico,14,57.1,False
add5,instant_noodles,South Africa,8,62.5,False
add5,instant_noodles,UAE,5,100.0,False
add5,instant_noodles,Chile,3,66.7,False
palm_tag,biscuits,France,11788,38.6,True
palm_tag,biscuits,US,10191,66.0,True
palm_tag,biscuits,Germany,2674,63.9,True
palm_tag,biscuits,Italy,1780,25.1,True
palm_tag,biscuits,Spain,1773,47.0,True
palm_tag,biscuits,UK,1468,64.7,True
palm_tag,biscuits,Canada,432,67.8,True
palm_tag,biscuits,India,278,92.1,True
palm_tag,biscuits,India-only,246,91.9,True
palm_tag,biscuits,Mexico,157,38.2,True
palm_tag,biscuits,Australia,146,54.1,True
palm_tag,biscuits,Chile,106,53.8,True
palm_tag,biscuits,Brazil,92,59.8,False
palm_tag,biscuits,Singapore,25,72.0,False
palm_tag,biscuits,UAE,23,56.5,False
palm_tag,biscuits,South Africa,15,66.7,False
palm_tag,biscuits,Indonesia,10,60.0,False
palm_tag,crisps,France,3062,6.7,True
palm_tag,crisps,US,2033,9.2,True
palm_tag,crisps,UK,1280,3.1,True
palm_tag,crisps,Germany,1186,9.5,True
palm_tag,crisps,Spain,712,5.5,True
palm_tag,crisps,Italy,328,20.7,True
palm_tag,crisps,Canada,162,13.6,True
palm_tag,crisps,India,136,83.1,True
palm_tag,crisps,India-only,118,83.9,True
palm_tag,crisps,Australia,115,11.3,True
palm_tag,crisps,Mexico,43,11.6,False
palm_tag,crisps,Brazil,31,51.6,False
palm_tag,crisps,South Africa,24,8.3,False
palm_tag,crisps,Singapore,23,60.9,False
palm_tag,crisps,UAE,17,70.6,False
palm_tag,crisps,Chile,9,22.2,False
palm_tag,crisps,Indonesia,3,100.0,False
palm_tag,instant_noodles,France,760,77.8,True
palm_tag,instant_noodles,Germany,362,76.5,True
palm_tag,instant_noodles,UK,203,67.5,True
palm_tag,instant_noodles,US,193,75.6,True
palm_tag,instant_noodles,India,85,95.3,True
palm_tag,instant_noodles,Spain,81,66.7,False
palm_tag,instant_noodles,India-only,63,93.7,True
palm_tag,instant_noodles,Australia,50,70.0,False
palm_tag,instant_noodles,Canada,47,93.6,False
palm_tag,instant_noodles,Italy,33,72.7,False
palm_tag,instant_noodles,Singapore,14,92.9,False
palm_tag,instant_noodles,Indonesia,13,100.0,False
palm_tag,instant_noodles,Mexico,10,40.0,False
palm_tag,instant_noodles,UAE,4,100.0,False
palm_tag,instant_noodles,Brazil,4,0.0,False
palm_tag,instant_noodles,South Africa,3,66.7,False
palm_tag,instant_noodles,Chile,2,100.0,False
palm_text,biscuits,US,10675,65.0,True
palm_text,biscuits,UK,1222,66.0,True
palm_text,biscuits,India,303,82.2,True
palm_text,biscuits,Canada,279,69.9,True
palm_text,biscuits,India-only,276,80.8,True
palm_text,biscuits,Australia,205,34.1,True
palm_text,biscuits,Singapore,30,60.0,False
palm_text,biscuits,UAE,26,42.3,False
palm_text,biscuits,South Africa,13,46.2,False
palm_text,crisps,US,2626,7.6,True
palm_text,crisps,UK,1311,3.3,True
palm_text,crisps,Canada,283,7.4,True
palm_text,crisps,Australia,204,7.4,True
palm_text,crisps,India,152,77.6,True
palm_text,crisps,India-only,135,77.8,True
palm_text,crisps,South Africa,28,10.7,False
palm_text,crisps,Singapore,25,44.0,False
palm_text,crisps,UAE,13,76.9,False
palm_text,instant_noodles,US,183,77.6,True
palm_text,instant_noodles,UK,164,73.8,True
palm_text,instant_noodles,India,79,88.6,True
palm_text,instant_noodles,Australia,62,48.4,False
palm_text,instant_noodles,India-only,58,89.7,True
palm_text,instant_noodles,Canada,39,92.3,False
palm_text,instant_noodles,Singapore,16,81.2,False
palm_text,instant_noodles,South Africa,5,60.0,False
palm_text,instant_noodles,UAE,4,100.0,False
satfat,biscuits,France,18555,11.0,True
satfat,biscuits,Italy,4644,5.6,True
satfat,biscuits,Spain,3946,8.3,True
satfat,biscuits,Germany,3313,12.0,True
satfat,biscuits,UK,1983,11.0,True
satfat,biscuits,US,1326,6.7,True
satfat,biscuits,Canada,691,7.9,True
satfat,biscuits,Mexico,427,5.3,True
satfat,biscuits,Brazil,287,5.3,True
satfat,biscuits,Australia,170,10.9,True
satfat,biscuits,Chile,150,6.9,True
satfat,biscuits,India,87,10.2,True
satfat,biscuits,India-only,57,10.0,True
satfat,biscuits,UAE,19,12.4,False
satfat,biscuits,Singapore,17,13.0,False
satfat,biscuits,Indonesia,15,10.0,False
satfat,biscuits,South Africa,10,8.9,False
satfat,crisps,France,5628,2.8,True
satfat,crisps,Spain,1838,3.5,True
satfat,crisps,Germany,1826,2.6,True
satfat,crisps,UK,1773,2.4,True
satfat,crisps,US,1023,3.6,True
satfat,crisps,Canada,691,3.0,True
satfat,crisps,Italy,625,2.9,True
satfat,crisps,Mexico,205,5.7,True
satfat,crisps,Australia,116,2.5,True
satfat,crisps,Brazil,66,10.2,False
satfat,crisps,India,58,13.8,True
satfat,crisps,India-only,35,14.0,True
satfat,crisps,South Africa,28,11.5,False
satfat,crisps,Chile,20,3.6,False
satfat,crisps,Singapore,18,9.0,False
satfat,crisps,UAE,7,3.8,False
satfat,crisps,Indonesia,3,12.1,False
satfat,instant_noodles,France,1186,2.8,True
satfat,instant_noodles,Germany,459,1.9,True
satfat,instant_noodles,UK,266,2.0,True
satfat,instant_noodles,Spain,139,2.4,True
satfat,instant_noodles,US,115,7.3,True
satfat,instant_noodles,Canada,86,7.8,False
satfat,instant_noodles,Australia,54,4.0,False
satfat,instant_noodles,Italy,50,2.9,False
satfat,instant_noodles,India,32,8.2,True
satfat,instant_noodles,Brazil,24,7.5,False
satfat,instant_noodles,Indonesia,22,9.0,False
satfat,instant_noodles,India-only,16,8.2,False
satfat,instant_noodles,Mexico,12,1.4,False
satfat,instant_noodles,Chile,6,4.9,False
satfat,instant_noodles,South Africa,5,6.4,False
satfat,instant_noodles,UAE,4,7.8,False
satfat,instant_noodles,Singapore,4,5.6,False
